part,quantity,unit_price_eur,shipping_eur,vendor_url,category,status
01-pc-lower-shell,1,0,,,3D printed,Program provider prints and sends per owner; provider shipping cost unknown; fit pending
02-top-deck-blank,1,0,,,3D printed,Program provider prints and sends per owner; provider shipping cost unknown; fit pending
03-display-back,1,0,,,3D printed,Program provider prints and sends per owner; provider shipping cost unknown; fit pending
04-display-frame,1,0,,,3D printed,Program provider prints and sends per owner; provider shipping cost unknown; fit pending
05-keyboard-mount-rail,2,0,,,3D printed,Program provider prints and sends per owner; provider shipping cost unknown; fit pending
06-touchpad-support,1,0,,,3D printed,Program provider prints and sends per owner; provider shipping cost unknown; fit pending
07-board-mount-rail,2,0,,,3D printed,Program provider prints and sends per owner; provider shipping cost unknown; fit pending
08-board-standoff,8,0,,,3D printed,Program provider prints and sends per owner; provider shipping cost unknown; fit pending
09-empty-tray-lower,1,0,,,3D printed,Program provider prints and sends per owner; provider shipping cost unknown; fit pending
10-empty-tray-middle,1,0,,,3D printed,Program provider prints and sends per owner; provider shipping cost unknown; fit pending
11-empty-tray-upper,1,0,,,3D printed,Program provider prints and sends per owner; provider shipping cost unknown; fit pending
12-rear-cable-panel,3,0,,,3D printed,Program provider prints and sends per owner; provider shipping cost unknown; fit pending
13-alignment-guide,12,0,,,3D printed,Program provider prints and sends per owner; provider shipping cost unknown; fit pending
14-cable-clamp,4,0,,,3D printed,Program provider prints and sends per owner; provider shipping cost unknown; fit pending
15-foot,4,0,,,3D printed,Program provider prints and sends per owner; provider shipping cost unknown; fit pending
16-side-joining-tab,12,0,,,3D printed,Program provider prints and sends per owner; provider shipping cost unknown; fit pending
17-handle,1,0,,,3D printed,Program provider prints and sends per owner; provider shipping cost unknown; fit pending
18-hinge-mount-block,2,0,,,3D printed,Program provider prints and sends per owner; provider shipping cost unknown; fit pending
ThinkPad donor motherboard and cooling,1,0,,,Recovered,Owner donor; operation and reuse unverified
Original display and cable,1,0,,,Recovered,Owner donor; operation and reuse unverified
Original keyboard and cable,1,0,,,Recovered,Owner donor; operation and reuse unverified
Original touchpad and cable,1,0,,,Recovered,Owner donor; operation and reuse unverified
Original metal display hinges,1,0,,,Recovered,Owner donor; operation and reuse unverified
Lenovo Slim Tip 65W refurbished adapter - candidate,1,16.39,0,https://www.simpletek.net/it/alimentatori/22301-alimentatore-lenovo-20v-325a-65w-connettore-rettangolare-essential-m5400.html,Purchased,EUR 16.39 plus advertised shipping 0; power label inconsistency and donor compatibility pending
M3 screws nuts washers and inserts,1,12,,,Purchased,Budget allowance only - vendor and fastener sizes pending
Rubber foot pads,1,3,,,Purchased,Budget allowance only - product pending
Cable ties and USB data cables,1,5,,,Purchased,Budget allowance only - USB types and lengths pending
Original donor RAM 8GB,1,0,,,Recovered,8GB reported by owner; module layout and operation unverified
Micron 8GB DDR3L-1600 SO-DIMM refurbished - candidate,1,24,0,https://www.trovaprezzi.it/prezzo_ricondizionati-informatica_ram_sodimm_ddr3l_1600mhz_8gb.aspx,Purchased,EUR 24 plus advertised shipping 0; comparator lead only; exact seller listing and slot layout pending
Shipping for purchase orders,1,0,,,Shipping,Advertised shipping for the two candidate offers only - verify checkout
01-pc-case,1,0,,,Legacy 3D alternative,Retained old design - choose instead of replacement where applicable; fit pending
02-display-frame,1,0,,,Legacy 3D alternative,Retained old design - choose instead of replacement where applicable; fit pending
11-battery-tray,1,0,,,Legacy 3D alternative,Retained old design - choose instead of replacement where applicable; fit pending
13-storage-tray,1,0,,,Legacy 3D alternative,Retained old design - choose instead of replacement where applicable; fit pending
16-rear-panel,1,0,,,Legacy 3D alternative,Retained old design - choose instead of replacement where applicable; fit pending
21-empty-tray,1,0,,,Legacy 3D alternative,Retained old design - choose instead of replacement where applicable; fit pending
22-alignment-guide,1,0,,,Legacy 3D alternative,Retained old design - choose instead of replacement where applicable; fit pending
23-cable-clamp,1,0,,,Legacy 3D alternative,Retained old design - choose instead of replacement where applicable; fit pending
24-foot,1,0,,,Legacy 3D alternative,Retained old design - choose instead of replacement where applicable; fit pending
25-handle,1,0,,,Legacy 3D alternative,Retained old design - choose instead of replacement where applicable; fit pending
Legacy PC top deck and keyboard support,1,0,,,Legacy planning item,Retained old printed support concept; exact source and fabrication details to reconcile
Legacy display back cover,1,0,,,Legacy planning item,Retained old printed support concept; exact source and fabrication details to reconcile
Legacy fixed touchpad support,1,0,,,Legacy planning item,Retained old printed support concept; exact source and fabrication details to reconcile
Printed parts provider shipping,1,,,,Shipping,Cost unknown - not confirmed free
