part,quantity,unit_price_eur,delivery_by,status
01-pc-case,1,0,Program provider per owner,Legacy alternative; quantities provisional; not selected alongside ThinkPad replacements
02-display-frame,1,0,Program provider per owner,Legacy alternative; quantities provisional; not selected alongside ThinkPad replacements
11-battery-tray,1,0,Program provider per owner,Legacy alternative; quantities provisional; not selected alongside ThinkPad replacements
13-storage-tray,1,0,Program provider per owner,Legacy alternative; quantities provisional; not selected alongside ThinkPad replacements
16-rear-panel,1,0,Program provider per owner,Legacy alternative; quantities provisional; not selected alongside ThinkPad replacements
21-empty-tray,1,0,Program provider per owner,Legacy alternative; quantities provisional; not selected alongside ThinkPad replacements
22-alignment-guide,1,0,Program provider per owner,Legacy alternative; quantities provisional; not selected alongside ThinkPad replacements
23-cable-clamp,1,0,Program provider per owner,Legacy alternative; quantities provisional; not selected alongside ThinkPad replacements
24-foot,1,0,Program provider per owner,Legacy alternative; quantities provisional; not selected alongside ThinkPad replacements
25-handle,1,0,Program provider per owner,Legacy alternative; quantities provisional; not selected alongside ThinkPad replacements
