part,quantity,unit_price_usd,vendor_url,type,status
3D - 01-pc-lower-shell,1,0,,3D printed,Program provider prints and sends per owner; provider shipping cost unknown; fit pending; USD reference conversion 1.1225
3D - 02-top-deck-blank,1,0,,3D printed,Program provider prints and sends per owner; provider shipping cost unknown; fit pending; USD reference conversion 1.1225
3D - 03-display-back,1,0,,3D printed,Program provider prints and sends per owner; provider shipping cost unknown; fit pending; USD reference conversion 1.1225
3D - 04-display-frame,1,0,,3D printed,Program provider prints and sends per owner; provider shipping cost unknown; fit pending; USD reference conversion 1.1225
3D - 05-keyboard-mount-rail,2,0,,3D printed,Program provider prints and sends per owner; provider shipping cost unknown; fit pending; USD reference conversion 1.1225
3D - 06-touchpad-support,1,0,,3D printed,Program provider prints and sends per owner; provider shipping cost unknown; fit pending; USD reference conversion 1.1225
3D - 07-board-mount-rail,2,0,,3D printed,Program provider prints and sends per owner; provider shipping cost unknown; fit pending; USD reference conversion 1.1225
3D - 08-board-standoff,8,0,,3D printed,Program provider prints and sends per owner; provider shipping cost unknown; fit pending; USD reference conversion 1.1225
3D - 09-empty-tray-lower,1,0,,3D printed,Program provider prints and sends per owner; provider shipping cost unknown; fit pending; USD reference conversion 1.1225
3D - 10-empty-tray-middle,1,0,,3D printed,Program provider prints and sends per owner; provider shipping cost unknown; fit pending; USD reference conversion 1.1225
3D - 11-empty-tray-upper,1,0,,3D printed,Program provider prints and sends per owner; provider shipping cost unknown; fit pending; USD reference conversion 1.1225
3D - 12-rear-cable-panel,3,0,,3D printed,Program provider prints and sends per owner; provider shipping cost unknown; fit pending; USD reference conversion 1.1225
3D - 13-alignment-guide,12,0,,3D printed,Program provider prints and sends per owner; provider shipping cost unknown; fit pending; USD reference conversion 1.1225
3D - 14-cable-clamp,4,0,,3D printed,Program provider prints and sends per owner; provider shipping cost unknown; fit pending; USD reference conversion 1.1225
3D - 15-foot,4,0,,3D printed,Program provider prints and sends per owner; provider shipping cost unknown; fit pending; USD reference conversion 1.1225
3D - 16-side-joining-tab,12,0,,3D printed,Program provider prints and sends per owner; provider shipping cost unknown; fit pending; USD reference conversion 1.1225
3D - 17-handle,1,0,,3D printed,Program provider prints and sends per owner; provider shipping cost unknown; fit pending; USD reference conversion 1.1225
3D - 18-hinge-mount-block,2,0,,3D printed,Program provider prints and sends per owner; provider shipping cost unknown; fit pending; USD reference conversion 1.1225
Lenovo Slim Tip 65W refurbished adapter - candidate,1,18.40,https://www.simpletek.net/it/alimentatori/22301-alimentatore-lenovo-20v-325a-65w-connettore-rettangolare-essential-m5400.html,Purchased,EUR 16.39 plus advertised shipping 0; power label inconsistency and donor compatibility pending; USD reference conversion 1.1225
M3 screws nuts washers and inserts,1,13.47,,Purchased,Budget allowance only - vendor and fastener sizes pending; USD reference conversion 1.1225
Rubber foot pads,1,3.37,,Purchased,Budget allowance only - product pending; USD reference conversion 1.1225
Cable ties and USB data cables,1,5.61,,Purchased,Budget allowance only - USB types and lengths pending; USD reference conversion 1.1225
Micron 8GB DDR3L-1600 SO-DIMM refurbished - candidate,1,26.94,https://www.trovaprezzi.it/prezzo_ricondizionati-informatica_ram_sodimm_ddr3l_1600mhz_8gb.aspx,Purchased,EUR 24 plus advertised shipping 0; comparator lead only; exact seller listing and slot layout pending; USD reference conversion 1.1225
ThinkPad recovered components set,1,0,,Recovered,Motherboard cooling display keyboard touchpad hinges and existing 8GB RAM; operation unverified; USD reference conversion 1.1225
3D - Legacy printed parts set - alternative,1,0,,Legacy alternative,Contains 01-pc-case; 02-display-frame; 11-battery-tray; 13-storage-tray; 16-rear-panel; 21-empty-tray; 22-alignment-guide; 23-cable-clamp; 24-foot; 25-handle; Legacy PC top deck and keyboard support; Legacy display back cover; Legacy fixed touchpad support; choose instead of replacement; not a second enclosure; USD reference conversion 1.1225
